,DAP_cm,Altura_T,Altura_C,Area_Basal_m2,Vol_Comerc_m3,Vol_Total_m3
count,160.0,160.0,160.0,160.0,160.0,160.0
mean,10.558712121349998,10.4013125,5.2059375,0.009555625,0.027059374999999997,0.055650624999999995
std,3.198571622405878,2.788527061401738,1.5720072082327896,0.005420816467954369,0.01975575164040484,0.041936278401257764
min,4.329004329,4.19,2.16,0.0015,0.0016,0.0031
25%,8.30786860175,8.635,4.22,0.005424999999999999,0.011275,0.024975
50%,10.472370765,10.625,5.115,0.00865,0.02265,0.0446
75%,12.867647057500001,12.4525,6.245,0.013025,0.0405,0.07955
max,18.46193023,16.22,10.32,0.0268,0.1034,0.1977
